{
    "Objects": [
        {
            "name": "Land_Wreck_C130J",
            "pos": [
                4624.77197265625,
                344.21673583984377,
                10299.0263671875
            ],
            "ypr": [
                138.78135681152345,
                -0.1438763290643692,
                -0.2802902162075043
            ],
            "scale": 0.9999954700469971,
            "enableCEPersistency": 0
        },
        {
            "name": "StaticObj_Rubble_Rocks1",
            "pos": [
                4615.5556640625,
                333.5431213378906,
                10306.115234375
            ],
            "ypr": [
                -57.50115966796875,
                11.232734680175782,
                -1.3132331371307374
            ],
            "scale": 1.0000020265579224,
            "enableCEPersistency": 0
        }
    ]
}